komoditas,cv,mean_harga,trend_slope,cluster,dist,is_centroid,cluster_label
BUNCIS,0.14136551120271174,13445.887316276538,0.03288485618197191,1,0.1506895235279366,False,Cluster 1: Labil & Murah (↑Inflasi)
Bata,0.0,1437.0,0.0,1,0.41351707216012024,False,Cluster 1: Labil & Murah (↑Inflasi)
Bawang Merah,0.21911859282000745,32767.2283614589,0.04611846618274752,1,0.31118195785696806,False,Cluster 1: Labil & Murah (↑Inflasi)
Bawang Putih Sinco/Honan,0.19166476570122218,30877.253674469244,0.09720631528948631,1,0.5252213550764901,False,Cluster 1: Labil & Murah (↑Inflasi)
Beras Medium,0.13780520833504495,11180.771910724006,0.08788478895746808,1,0.41989803024429107,False,Cluster 1: Labil & Murah (↑Inflasi)
Beras Premium,0.09102911513466391,13956.934131736527,0.0586288781750786,1,0.17727567686237106,False,Cluster 1: Labil & Murah (↑Inflasi)
Cabe Merah Besar,0.38070414185774354,35811.58737071312,0.01319067114494322,0,0.06348241513856438,True,Cluster 0: Labil & Murah (→Datar)
Cabe Merah Keriting,0.3452578599452703,37934.707947740884,0.01638828627120089,0,0.07033904847263715,False,Cluster 0: Labil & Murah (→Datar)
Cabe Rawit Merah,0.4479394551484959,44357.680457267285,0.040277303003335596,0,0.330004879802336,False,Cluster 0: Labil & Murah (→Datar)
Daging Ayam Kampung,0.0407584091420976,63512.406641262925,0.004092458893048727,2,0.26308310921846717,False,Cluster 2: Stabil & Mahal (→Datar)
Daging Ayam Ras,0.07504645165392923,33809.70985302123,0.022399045331981778,1,0.1681405174025844,False,Cluster 1: Labil & Murah (↑Inflasi)
Daging Sapi Paha Belakang,0.020231855333787106,111150.32498639086,0.010916140102006087,2,0.1776354426947421,False,Cluster 2: Stabil & Mahal (→Datar)
GAS ELPIGI 3 Kg,0.027466400809925694,18424.35873707131,0.015610638635714403,1,0.2320070387683614,False,Cluster 1: Labil & Murah (↑Inflasi)
Gula Kristal Putih,0.13716291816869752,14916.306477953185,0.08664760126784263,1,0.40310567092096,False,Cluster 1: Labil & Murah (↑Inflasi)
Halus,0.04692401650779127,8385.040827436036,0.025022501270590573,1,0.19273217931493467,False,Cluster 1: Labil & Murah (↑Inflasi)
Ikan Asin Teri,0.049481452249808426,85174.0122482308,0.0036846132117064993,2,0.08267478624496499,True,Cluster 2: Stabil & Mahal (→Datar)
Ikan Bandeng,0.058575409862332825,38177.69597169298,0.03329193377839598,1,0.16351628963916187,False,Cluster 1: Labil & Murah (↑Inflasi)
Ikan Cakalang,0.06663786537547588,41623.70713119216,0.038119734315326774,1,0.18103681703291416,False,Cluster 1: Labil & Murah (↑Inflasi)
Ikan Kembung,0.11064016090147644,40032.936853565596,0.058835271902159744,1,0.2316420471979869,False,Cluster 1: Labil & Murah (↑Inflasi)
Ikan Tongkol,0.04915683442034626,39398.28116494284,0.02621324497795398,1,0.2032389233693563,False,Cluster 1: Labil & Murah (↑Inflasi)
Ikan Tuna,0.08590349149031253,43130.10342950463,0.045883771055088285,1,0.19653811428318183,False,Cluster 1: Labil & Murah (↑Inflasi)
Indomie Rasa Kari Ayam,0.09583240775199107,35196.91344583559,0.05290212835721063,1,0.16265479437767533,False,Cluster 1: Labil & Murah (↑Inflasi)
Jagung Pipilan Kering,0.048325359688879035,10545.244964616222,0.015291129207156213,1,0.23388521310423815,False,Cluster 1: Labil & Murah (↑Inflasi)
KACANG HIJAU,0.05621405554642521,23713.24605334785,0.0008496119320854376,1,0.30986442189142777,False,Cluster 1: Labil & Murah (↑Inflasi)
KACANG TANAH,0.037647747285865577,28947.08818726184,0.005141413497834003,1,0.296102597441012,False,Cluster 1: Labil & Murah (↑Inflasi)
KENTANG,0.08103233991201832,15566.808927599346,0.03482954572830657,1,0.07248143764949382,False,Cluster 1: Labil & Murah (↑Inflasi)
KETELA POHON,0.04554285472721943,5893.945019052803,0.022779315938273238,1,0.2197642278485967,False,Cluster 1: Labil & Murah (↑Inflasi)
KOL/KUBIS,0.14919010664497873,8652.777354382144,0.02941698831897593,1,0.19886449563556796,False,Cluster 1: Labil & Murah (↑Inflasi)
Kedelai Impor,0.07965829658602379,14726.606423516603,0.039789551455405484,1,0.07454041364748186,False,Cluster 1: Labil & Murah (↑Inflasi)
Kedelai Lokal,0.12269042408517554,14048.137724550897,0.0483126556164996,1,0.13266245423006134,False,Cluster 1: Labil & Murah (↑Inflasi)
Minyak Goreng Curah,0.1217140845050281,17029.895481763746,0.05287173051740386,1,0.14392940226085651,False,Cluster 1: Labil & Murah (↑Inflasi)
Minyak Goreng Kemasan Premium,0.08718284975127256,19720.103614589007,-0.001722383194153508,1,0.3225035607024682,False,Cluster 1: Labil & Murah (↑Inflasi)
Minyak Goreng Kemasan Sederhana,0.03251951362950214,15925.659526401747,0.018470020679583286,1,0.21271967313497728,False,Cluster 1: Labil & Murah (↑Inflasi)
Minyak Goreng MINYAKITA,0.06129893672664156,15915.23320087099,0.035237218862959996,1,0.09027970906347878,False,Cluster 1: Labil & Murah (↑Inflasi)
Susu Bubuk Merk Bendera (Instant),0.030049315861307938,103286.0628742515,0.014377933975105549,2,0.11912110048521034,False,Cluster 2: Stabil & Mahal (→Datar)
Susu Bubuk Merk Indomilk (Instant),0.0,97500.0,0.0,2,0.09544901210414741,False,Cluster 2: Stabil & Mahal (→Datar)
Susu Kental Manis Merk Bendera,0.040022653931629466,34017.2072373435,0.02346576748432175,1,0.19356398765255306,False,Cluster 1: Labil & Murah (↑Inflasi)
Susu Kental Manis Merk Indomilk,0.07881500832668176,32523.341268372347,0.048227685083162934,1,0.12090485410518106,False,Cluster 1: Labil & Murah (↑Inflasi)
Telur Ayam Kampung,0.13329208534166231,41389.394665215026,0.07689385076350194,1,0.3634924264253102,False,Cluster 1: Labil & Murah (↑Inflasi)
Telur Ayam Ras,0.09738100357877726,26671.876156777354,0.04175061642865499,1,0.048992473192432884,True,Cluster 1: Labil & Murah (↑Inflasi)
Terigu Protein Sedang (Kemasan),0.09887668915156554,11708.372890582472,0.04807274030504612,1,0.12590252150649617,False,Cluster 1: Labil & Murah (↑Inflasi)
Tomat Merah,0.2527516929431205,14003.003266194883,-0.02838593066573546,0,0.4231928049755494,False,Cluster 0: Labil & Murah (→Datar)
WORTEL,0.11486684197144177,12135.505443658138,0.04681792734608525,1,0.12873800345959582,False,Cluster 1: Labil & Murah (↑Inflasi)
